"","thres","n","snr","test","power"
"1",0.05,20,14.56,"URXOP2",0.51
"2",0.05,20,14.56,"URXOP4",0.12
"3",0.05,20,14.56,"URXOP6",0.05
"4",0.05,20,14.56,"URXOP1",0.51
"5",0.05,20,14.56,"URXOP3",0.16
"6",0.05,20,14.56,"URXOP5",0.14
"7",0.05,30,14.55,"URXOP2",0.69
"8",0.05,30,14.55,"URXOP4",0.11
"9",0.05,30,14.55,"URXOP6",0.09
"10",0.05,30,14.55,"URXOP1",0.71
"11",0.05,30,14.55,"URXOP3",0.31
"12",0.05,30,14.55,"URXOP5",0.26
"13",0.05,40,14.84,"URXOP2",0.76
"14",0.05,40,14.84,"URXOP4",0.14
"15",0.05,40,14.84,"URXOP6",0.07
"16",0.05,40,14.84,"URXOP1",0.76
"17",0.05,40,14.84,"URXOP3",0.48
"18",0.05,40,14.84,"URXOP5",0.31
"19",0.05,50,15.04,"URXOP2",0.78
"20",0.05,50,15.04,"URXOP4",0.22
"21",0.05,50,15.04,"URXOP6",0.1
"22",0.05,50,15.04,"URXOP1",0.83
"23",0.05,50,15.04,"URXOP3",0.46
"24",0.05,50,15.04,"URXOP5",0.37
"25",0.05,60,14.6,"URXOP2",0.9
"26",0.05,60,14.6,"URXOP4",0.29
"27",0.05,60,14.6,"URXOP6",0.02
"28",0.05,60,14.6,"URXOP1",0.91
"29",0.05,60,14.6,"URXOP3",0.53
"30",0.05,60,14.6,"URXOP5",0.46
"31",0.05,70,14.42,"URXOP2",0.9
"32",0.05,70,14.42,"URXOP4",0.31
"33",0.05,70,14.42,"URXOP6",0.06
"34",0.05,70,14.42,"URXOP1",0.97
"35",0.05,70,14.42,"URXOP3",0.49
"36",0.05,70,14.42,"URXOP5",0.48
"37",0.05,80,14.45,"URXOP2",0.94
"38",0.05,80,14.45,"URXOP4",0.33
"39",0.05,80,14.45,"URXOP6",0.08
"40",0.05,80,14.45,"URXOP1",0.96
"41",0.05,80,14.45,"URXOP3",0.49
"42",0.05,80,14.45,"URXOP5",0.43
"43",0.05,90,14.77,"URXOP2",0.93
"44",0.05,90,14.77,"URXOP4",0.46
"45",0.05,90,14.77,"URXOP6",0.05
"46",0.05,90,14.77,"URXOP1",0.93
"47",0.05,90,14.77,"URXOP3",0.57
"48",0.05,90,14.77,"URXOP5",0.5
"49",0.05,100,15.06,"URXOP2",0.96
"50",0.05,100,15.06,"URXOP4",0.46
"51",0.05,100,15.06,"URXOP6",0.04
"52",0.05,100,15.06,"URXOP1",0.93
"53",0.05,100,15.06,"URXOP3",0.51
"54",0.05,100,15.06,"URXOP5",0.54
"55",0.05,110,14.99,"URXOP2",0.97
"56",0.05,110,14.99,"URXOP4",0.48
"57",0.05,110,14.99,"URXOP6",0.06
"58",0.05,110,14.99,"URXOP1",0.96
"59",0.05,110,14.99,"URXOP3",0.61
"60",0.05,110,14.99,"URXOP5",0.43
"61",0.05,120,15.29,"URXOP2",0.98
"62",0.05,120,15.29,"URXOP4",0.52
"63",0.05,120,15.29,"URXOP6",0.07
"64",0.05,120,15.29,"URXOP1",0.9
"65",0.05,120,15.29,"URXOP3",0.57
"66",0.05,120,15.29,"URXOP5",0.51
"67",0.05,130,14.88,"URXOP2",0.96
"68",0.05,130,14.88,"URXOP4",0.65
"69",0.05,130,14.88,"URXOP6",0.07
"70",0.05,130,14.88,"URXOP1",0.96
"71",0.05,130,14.88,"URXOP3",0.56
"72",0.05,130,14.88,"URXOP5",0.56
"73",0.05,140,15.01,"URXOP2",0.97
"74",0.05,140,15.01,"URXOP4",0.52
"75",0.05,140,15.01,"URXOP6",0.06
"76",0.05,140,15.01,"URXOP1",0.95
"77",0.05,140,15.01,"URXOP3",0.54
"78",0.05,140,15.01,"URXOP5",0.42
"79",0.05,150,14.57,"URXOP2",0.93
"80",0.05,150,14.57,"URXOP4",0.61
"81",0.05,150,14.57,"URXOP6",0.08
"82",0.05,150,14.57,"URXOP1",0.95
"83",0.05,150,14.57,"URXOP3",0.63
"84",0.05,150,14.57,"URXOP5",0.58
"85",0.05,160,14.75,"URXOP2",0.96
"86",0.05,160,14.75,"URXOP4",0.59
"87",0.05,160,14.75,"URXOP6",0.08
"88",0.05,160,14.75,"URXOP1",0.98
"89",0.05,160,14.75,"URXOP3",0.65
"90",0.05,160,14.75,"URXOP5",0.48
"91",0.05,170,14.5,"URXOP2",0.99
"92",0.05,170,14.5,"URXOP4",0.53
"93",0.05,170,14.5,"URXOP6",0.14
"94",0.05,170,14.5,"URXOP1",0.97
"95",0.05,170,14.5,"URXOP3",0.55
"96",0.05,170,14.5,"URXOP5",0.62
"97",0.05,180,15.06,"URXOP2",0.99
"98",0.05,180,15.06,"URXOP4",0.55
"99",0.05,180,15.06,"URXOP6",0.06
"100",0.05,180,15.06,"URXOP1",0.97
"101",0.05,180,15.06,"URXOP3",0.52
"102",0.05,180,15.06,"URXOP5",0.6
"103",0.05,190,14.96,"URXOP2",0.97
"104",0.05,190,14.96,"URXOP4",0.66
"105",0.05,190,14.96,"URXOP6",0.09
"106",0.05,190,14.96,"URXOP1",1
"107",0.05,190,14.96,"URXOP3",0.65
"108",0.05,190,14.96,"URXOP5",0.6
"109",0.05,200,15.03,"URXOP2",0.95
"110",0.05,200,15.03,"URXOP4",0.68
"111",0.05,200,15.03,"URXOP6",0.09
"112",0.05,200,15.03,"URXOP1",0.99
"113",0.05,200,15.03,"URXOP3",0.65
"114",0.05,200,15.03,"URXOP5",0.56
"115",0.05,210,14.67,"URXOP2",0.98
"116",0.05,210,14.67,"URXOP4",0.72
"117",0.05,210,14.67,"URXOP6",0.12
"118",0.05,210,14.67,"URXOP1",1
"119",0.05,210,14.67,"URXOP3",0.63
"120",0.05,210,14.67,"URXOP5",0.57
"121",0.05,220,14.66,"URXOP2",0.96
"122",0.05,220,14.66,"URXOP4",0.66
"123",0.05,220,14.66,"URXOP6",0.09
"124",0.05,220,14.66,"URXOP1",0.99
"125",0.05,220,14.66,"URXOP3",0.61
"126",0.05,220,14.66,"URXOP5",0.62
"127",0.05,230,14.53,"URXOP2",0.96
"128",0.05,230,14.53,"URXOP4",0.72
"129",0.05,230,14.53,"URXOP6",0.12
"130",0.05,230,14.53,"URXOP1",1
"131",0.05,230,14.53,"URXOP3",0.6
"132",0.05,230,14.53,"URXOP5",0.56
"133",0.05,240,14.67,"URXOP2",0.95
"134",0.05,240,14.67,"URXOP4",0.72
"135",0.05,240,14.67,"URXOP6",0.06
"136",0.05,240,14.67,"URXOP1",0.99
"137",0.05,240,14.67,"URXOP3",0.64
"138",0.05,240,14.67,"URXOP5",0.56
"139",0.05,250,14.56,"URXOP2",0.99
"140",0.05,250,14.56,"URXOP4",0.71
"141",0.05,250,14.56,"URXOP6",0.09
"142",0.05,250,14.56,"URXOP1",0.99
"143",0.05,250,14.56,"URXOP3",0.66
"144",0.05,250,14.56,"URXOP5",0.69
"145",0.05,260,14.78,"URXOP2",0.97
"146",0.05,260,14.78,"URXOP4",0.7
"147",0.05,260,14.78,"URXOP6",0.15
"148",0.05,260,14.78,"URXOP1",1
"149",0.05,260,14.78,"URXOP3",0.66
"150",0.05,260,14.78,"URXOP5",0.62
"151",0.05,270,14.94,"URXOP2",1
"152",0.05,270,14.94,"URXOP4",0.7
"153",0.05,270,14.94,"URXOP6",0.1
"154",0.05,270,14.94,"URXOP1",0.98
"155",0.05,270,14.94,"URXOP3",0.72
"156",0.05,270,14.94,"URXOP5",0.51
"157",0.05,280,14.44,"URXOP2",0.98
"158",0.05,280,14.44,"URXOP4",0.76
"159",0.05,280,14.44,"URXOP6",0.14
"160",0.05,280,14.44,"URXOP1",1
"161",0.05,280,14.44,"URXOP3",0.62
"162",0.05,280,14.44,"URXOP5",0.67
"163",0.05,290,14.78,"URXOP2",0.99
"164",0.05,290,14.78,"URXOP4",0.72
"165",0.05,290,14.78,"URXOP6",0.13
"166",0.05,290,14.78,"URXOP1",0.99
"167",0.05,290,14.78,"URXOP3",0.59
"168",0.05,290,14.78,"URXOP5",0.71
"169",0.05,300,14.78,"URXOP2",0.99
"170",0.05,300,14.78,"URXOP4",0.76
"171",0.05,300,14.78,"URXOP6",0.15
"172",0.05,300,14.78,"URXOP1",0.99
"173",0.05,300,14.78,"URXOP3",0.65
"174",0.05,300,14.78,"URXOP5",0.66
"175",0.05,310,14.81,"URXOP2",0.99
"176",0.05,310,14.81,"URXOP4",0.77
"177",0.05,310,14.81,"URXOP6",0.13
"178",0.05,310,14.81,"URXOP1",1
"179",0.05,310,14.81,"URXOP3",0.66
"180",0.05,310,14.81,"URXOP5",0.65
"181",0.05,320,14.86,"URXOP2",1
"182",0.05,320,14.86,"URXOP4",0.77
"183",0.05,320,14.86,"URXOP6",0.18
"184",0.05,320,14.86,"URXOP1",1
"185",0.05,320,14.86,"URXOP3",0.67
"186",0.05,320,14.86,"URXOP5",0.6
"187",0.05,330,14.7,"URXOP2",1
"188",0.05,330,14.7,"URXOP4",0.79
"189",0.05,330,14.7,"URXOP6",0.13
"190",0.05,330,14.7,"URXOP1",1
"191",0.05,330,14.7,"URXOP3",0.66
"192",0.05,330,14.7,"URXOP5",0.57
"193",0.05,340,14.6,"URXOP2",0.99
"194",0.05,340,14.6,"URXOP4",0.75
"195",0.05,340,14.6,"URXOP6",0.15
"196",0.05,340,14.6,"URXOP1",0.99
"197",0.05,340,14.6,"URXOP3",0.66
"198",0.05,340,14.6,"URXOP5",0.73
"199",0.05,350,14.55,"URXOP2",1
"200",0.05,350,14.55,"URXOP4",0.76
"201",0.05,350,14.55,"URXOP6",0.13
"202",0.05,350,14.55,"URXOP1",1
"203",0.05,350,14.55,"URXOP3",0.73
"204",0.05,350,14.55,"URXOP5",0.59
"205",0.05,360,14.59,"URXOP2",0.97
"206",0.05,360,14.59,"URXOP4",0.77
"207",0.05,360,14.59,"URXOP6",0.24
"208",0.05,360,14.59,"URXOP1",1
"209",0.05,360,14.59,"URXOP3",0.77
"210",0.05,360,14.59,"URXOP5",0.66
"211",0.05,370,14.73,"URXOP2",0.99
"212",0.05,370,14.73,"URXOP4",0.8
"213",0.05,370,14.73,"URXOP6",0.16
"214",0.05,370,14.73,"URXOP1",1
"215",0.05,370,14.73,"URXOP3",0.7
"216",0.05,370,14.73,"URXOP5",0.66
"217",0.05,380,14.93,"URXOP2",0.99
"218",0.05,380,14.93,"URXOP4",0.82
"219",0.05,380,14.93,"URXOP6",0.19
"220",0.05,380,14.93,"URXOP1",1
"221",0.05,380,14.93,"URXOP3",0.65
"222",0.05,380,14.93,"URXOP5",0.65
"223",0.05,390,14.6,"URXOP2",1
"224",0.05,390,14.6,"URXOP4",0.76
"225",0.05,390,14.6,"URXOP6",0.21
"226",0.05,390,14.6,"URXOP1",1
"227",0.05,390,14.6,"URXOP3",0.62
"228",0.05,390,14.6,"URXOP5",0.75
"229",0.05,400,14.19,"URXOP2",1
"230",0.05,400,14.19,"URXOP4",0.77
"231",0.05,400,14.19,"URXOP6",0.23
"232",0.05,400,14.19,"URXOP1",1
"233",0.05,400,14.19,"URXOP3",0.7
"234",0.05,400,14.19,"URXOP5",0.77
"235",0.05,410,14.49,"URXOP2",1
"236",0.05,410,14.49,"URXOP4",0.82
"237",0.05,410,14.49,"URXOP6",0.19
"238",0.05,410,14.49,"URXOP1",1
"239",0.05,410,14.49,"URXOP3",0.74
"240",0.05,410,14.49,"URXOP5",0.63
"241",0.05,420,14.33,"URXOP2",1
"242",0.05,420,14.33,"URXOP4",0.81
"243",0.05,420,14.33,"URXOP6",0.21
"244",0.05,420,14.33,"URXOP1",1
"245",0.05,420,14.33,"URXOP3",0.74
"246",0.05,420,14.33,"URXOP5",0.65
"247",0.05,430,15.06,"URXOP2",1
"248",0.05,430,15.06,"URXOP4",0.76
"249",0.05,430,15.06,"URXOP6",0.22
"250",0.05,430,15.06,"URXOP1",1
"251",0.05,430,15.06,"URXOP3",0.7
"252",0.05,430,15.06,"URXOP5",0.69
"253",0.05,440,14.93,"URXOP2",1
"254",0.05,440,14.93,"URXOP4",0.84
"255",0.05,440,14.93,"URXOP6",0.22
"256",0.05,440,14.93,"URXOP1",1
"257",0.05,440,14.93,"URXOP3",0.7
"258",0.05,440,14.93,"URXOP5",0.72
"259",0.05,450,15.28,"URXOP2",1
"260",0.05,450,15.28,"URXOP4",0.75
"261",0.05,450,15.28,"URXOP6",0.21
"262",0.05,450,15.28,"URXOP1",1
"263",0.05,450,15.28,"URXOP3",0.71
"264",0.05,450,15.28,"URXOP5",0.71
"265",0.05,460,14.55,"URXOP2",1
"266",0.05,460,14.55,"URXOP4",0.84
"267",0.05,460,14.55,"URXOP6",0.32
"268",0.05,460,14.55,"URXOP1",1
"269",0.05,460,14.55,"URXOP3",0.74
"270",0.05,460,14.55,"URXOP5",0.73
"271",0.05,470,14.55,"URXOP2",0.99
"272",0.05,470,14.55,"URXOP4",0.76
"273",0.05,470,14.55,"URXOP6",0.24
"274",0.05,470,14.55,"URXOP1",1
"275",0.05,470,14.55,"URXOP3",0.73
"276",0.05,470,14.55,"URXOP5",0.7
"277",0.05,480,14.95,"URXOP2",1
"278",0.05,480,14.95,"URXOP4",0.81
"279",0.05,480,14.95,"URXOP6",0.2
"280",0.05,480,14.95,"URXOP1",1
"281",0.05,480,14.95,"URXOP3",0.72
"282",0.05,480,14.95,"URXOP5",0.64
"283",0.05,490,14.78,"URXOP2",0.99
"284",0.05,490,14.78,"URXOP4",0.76
"285",0.05,490,14.78,"URXOP6",0.28
"286",0.05,490,14.78,"URXOP1",1
"287",0.05,490,14.78,"URXOP3",0.74
"288",0.05,490,14.78,"URXOP5",0.76
"289",0.05,500,14.87,"URXOP2",1
"290",0.05,500,14.87,"URXOP4",0.77
"291",0.05,500,14.87,"URXOP6",0.25
"292",0.05,500,14.87,"URXOP1",1
"293",0.05,500,14.87,"URXOP3",0.78
"294",0.05,500,14.87,"URXOP5",0.77
"295",0.05,510,15.18,"URXOP2",1
"296",0.05,510,15.18,"URXOP4",0.78
"297",0.05,510,15.18,"URXOP6",0.2
"298",0.05,510,15.18,"URXOP1",1
"299",0.05,510,15.18,"URXOP3",0.68
"300",0.05,510,15.18,"URXOP5",0.78
"301",0.05,520,15.05,"URXOP2",1
"302",0.05,520,15.05,"URXOP4",0.81
"303",0.05,520,15.05,"URXOP6",0.26
"304",0.05,520,15.05,"URXOP1",1
"305",0.05,520,15.05,"URXOP3",0.64
"306",0.05,520,15.05,"URXOP5",0.85
"307",0.05,530,14.86,"URXOP2",1
"308",0.05,530,14.86,"URXOP4",0.86
"309",0.05,530,14.86,"URXOP6",0.21
"310",0.05,530,14.86,"URXOP1",1
"311",0.05,530,14.86,"URXOP3",0.71
"312",0.05,530,14.86,"URXOP5",0.78
"313",0.05,540,14.79,"URXOP2",1
"314",0.05,540,14.79,"URXOP4",0.74
"315",0.05,540,14.79,"URXOP6",0.2
"316",0.05,540,14.79,"URXOP1",1
"317",0.05,540,14.79,"URXOP3",0.76
"318",0.05,540,14.79,"URXOP5",0.73
"319",0.05,550,14.55,"URXOP2",1
"320",0.05,550,14.55,"URXOP4",0.75
"321",0.05,550,14.55,"URXOP6",0.22
"322",0.05,550,14.55,"URXOP1",1
"323",0.05,550,14.55,"URXOP3",0.67
"324",0.05,550,14.55,"URXOP5",0.71
"325",0.05,560,14.38,"URXOP2",1
"326",0.05,560,14.38,"URXOP4",0.88
"327",0.05,560,14.38,"URXOP6",0.32
"328",0.05,560,14.38,"URXOP1",1
"329",0.05,560,14.38,"URXOP3",0.65
"330",0.05,560,14.38,"URXOP5",0.79
"331",0.05,570,14.59,"URXOP2",1
"332",0.05,570,14.59,"URXOP4",0.86
"333",0.05,570,14.59,"URXOP6",0.27
"334",0.05,570,14.59,"URXOP1",1
"335",0.05,570,14.59,"URXOP3",0.69
"336",0.05,570,14.59,"URXOP5",0.79
"337",0.05,580,14.64,"URXOP2",1
"338",0.05,580,14.64,"URXOP4",0.78
"339",0.05,580,14.64,"URXOP6",0.19
"340",0.05,580,14.64,"URXOP1",1
"341",0.05,580,14.64,"URXOP3",0.72
"342",0.05,580,14.64,"URXOP5",0.82
"343",0.05,590,14.57,"URXOP2",1
"344",0.05,590,14.57,"URXOP4",0.75
"345",0.05,590,14.57,"URXOP6",0.26
"346",0.05,590,14.57,"URXOP1",1
"347",0.05,590,14.57,"URXOP3",0.72
"348",0.05,590,14.57,"URXOP5",0.79
"349",0.05,600,14.59,"URXOP2",1
"350",0.05,600,14.59,"URXOP4",0.86
"351",0.05,600,14.59,"URXOP6",0.21
"352",0.05,600,14.59,"URXOP1",1
"353",0.05,600,14.59,"URXOP3",0.74
"354",0.05,600,14.59,"URXOP5",0.82
"355",0.05,610,14.71,"URXOP2",1
"356",0.05,610,14.71,"URXOP4",0.78
"357",0.05,610,14.71,"URXOP6",0.25
"358",0.05,610,14.71,"URXOP1",1
"359",0.05,610,14.71,"URXOP3",0.81
"360",0.05,610,14.71,"URXOP5",0.8
"361",0.05,620,14.42,"URXOP2",1
"362",0.05,620,14.42,"URXOP4",0.86
"363",0.05,620,14.42,"URXOP6",0.27
"364",0.05,620,14.42,"URXOP1",1
"365",0.05,620,14.42,"URXOP3",0.74
"366",0.05,620,14.42,"URXOP5",0.75
"367",0.05,630,14.87,"URXOP2",1
"368",0.05,630,14.87,"URXOP4",0.86
"369",0.05,630,14.87,"URXOP6",0.17
"370",0.05,630,14.87,"URXOP1",1
"371",0.05,630,14.87,"URXOP3",0.78
"372",0.05,630,14.87,"URXOP5",0.86
"373",0.05,640,14.85,"URXOP2",1
"374",0.05,640,14.85,"URXOP4",0.86
"375",0.05,640,14.85,"URXOP6",0.23
"376",0.05,640,14.85,"URXOP1",1
"377",0.05,640,14.85,"URXOP3",0.79
"378",0.05,640,14.85,"URXOP5",0.79
"379",0.05,650,14.56,"URXOP2",1
"380",0.05,650,14.56,"URXOP4",0.8
"381",0.05,650,14.56,"URXOP6",0.24
"382",0.05,650,14.56,"URXOP1",1
"383",0.05,650,14.56,"URXOP3",0.78
"384",0.05,650,14.56,"URXOP5",0.85
"385",0.05,660,14.57,"URXOP2",1
"386",0.05,660,14.57,"URXOP4",0.8
"387",0.05,660,14.57,"URXOP6",0.3
"388",0.05,660,14.57,"URXOP1",1
"389",0.05,660,14.57,"URXOP3",0.8
"390",0.05,660,14.57,"URXOP5",0.81
"391",0.05,670,14.82,"URXOP2",1
"392",0.05,670,14.82,"URXOP4",0.84
"393",0.05,670,14.82,"URXOP6",0.31
"394",0.05,670,14.82,"URXOP1",1
"395",0.05,670,14.82,"URXOP3",0.73
"396",0.05,670,14.82,"URXOP5",0.82
"397",0.05,680,14.8,"URXOP2",1
"398",0.05,680,14.8,"URXOP4",0.8
"399",0.05,680,14.8,"URXOP6",0.39
"400",0.05,680,14.8,"URXOP1",1
"401",0.05,680,14.8,"URXOP3",0.81
"402",0.05,680,14.8,"URXOP5",0.83
"403",0.05,690,14.55,"URXOP2",1
"404",0.05,690,14.55,"URXOP4",0.87
"405",0.05,690,14.55,"URXOP6",0.3
"406",0.05,690,14.55,"URXOP1",1
"407",0.05,690,14.55,"URXOP3",0.79
"408",0.05,690,14.55,"URXOP5",0.87
"409",0.05,700,14.82,"URXOP2",1
"410",0.05,700,14.82,"URXOP4",0.79
"411",0.05,700,14.82,"URXOP6",0.31
"412",0.05,700,14.82,"URXOP1",1
"413",0.05,700,14.82,"URXOP3",0.73
"414",0.05,700,14.82,"URXOP5",0.88
"415",0.05,710,14.47,"URXOP2",1
"416",0.05,710,14.47,"URXOP4",0.75
"417",0.05,710,14.47,"URXOP6",0.34
"418",0.05,710,14.47,"URXOP1",1
"419",0.05,710,14.47,"URXOP3",0.79
"420",0.05,710,14.47,"URXOP5",0.8
"421",0.05,720,14.39,"URXOP2",1
"422",0.05,720,14.39,"URXOP4",0.82
"423",0.05,720,14.39,"URXOP6",0.37
"424",0.05,720,14.39,"URXOP1",1
"425",0.05,720,14.39,"URXOP3",0.79
"426",0.05,720,14.39,"URXOP5",0.72
"427",0.05,730,14.81,"URXOP2",1
"428",0.05,730,14.81,"URXOP4",0.81
"429",0.05,730,14.81,"URXOP6",0.38
"430",0.05,730,14.81,"URXOP1",1
"431",0.05,730,14.81,"URXOP3",0.8
"432",0.05,730,14.81,"URXOP5",0.8
"433",0.05,740,15.12,"URXOP2",1
"434",0.05,740,15.12,"URXOP4",0.75
"435",0.05,740,15.12,"URXOP6",0.26
"436",0.05,740,15.12,"URXOP1",1
"437",0.05,740,15.12,"URXOP3",0.83
"438",0.05,740,15.12,"URXOP5",0.84
"439",0.05,750,14.73,"URXOP2",1
"440",0.05,750,14.73,"URXOP4",0.77
"441",0.05,750,14.73,"URXOP6",0.38
"442",0.05,750,14.73,"URXOP1",1
"443",0.05,750,14.73,"URXOP3",0.85
"444",0.05,750,14.73,"URXOP5",0.77
"445",0.05,760,14.7,"URXOP2",1
"446",0.05,760,14.7,"URXOP4",0.81
"447",0.05,760,14.7,"URXOP6",0.35
"448",0.05,760,14.7,"URXOP1",1
"449",0.05,760,14.7,"URXOP3",0.82
"450",0.05,760,14.7,"URXOP5",0.76
"451",0.05,770,14.7,"URXOP2",1
"452",0.05,770,14.7,"URXOP4",0.87
"453",0.05,770,14.7,"URXOP6",0.28
"454",0.05,770,14.7,"URXOP1",1
"455",0.05,770,14.7,"URXOP3",0.75
"456",0.05,770,14.7,"URXOP5",0.83
"457",0.05,780,14.75,"URXOP2",1
"458",0.05,780,14.75,"URXOP4",0.76
"459",0.05,780,14.75,"URXOP6",0.36
"460",0.05,780,14.75,"URXOP1",1
"461",0.05,780,14.75,"URXOP3",0.8
"462",0.05,780,14.75,"URXOP5",0.86
"463",0.05,790,15.14,"URXOP2",1
"464",0.05,790,15.14,"URXOP4",0.83
"465",0.05,790,15.14,"URXOP6",0.42
"466",0.05,790,15.14,"URXOP1",1
"467",0.05,790,15.14,"URXOP3",0.79
"468",0.05,790,15.14,"URXOP5",0.82
"469",0.05,800,14.48,"URXOP2",1
"470",0.05,800,14.48,"URXOP4",0.83
"471",0.05,800,14.48,"URXOP6",0.35
"472",0.05,800,14.48,"URXOP1",1
"473",0.05,800,14.48,"URXOP3",0.77
"474",0.05,800,14.48,"URXOP5",0.8
"475",0.05,810,14.78,"URXOP2",1
"476",0.05,810,14.78,"URXOP4",0.86
"477",0.05,810,14.78,"URXOP6",0.37
"478",0.05,810,14.78,"URXOP1",1
"479",0.05,810,14.78,"URXOP3",0.8
"480",0.05,810,14.78,"URXOP5",0.89
"481",0.05,820,14.99,"URXOP2",1
"482",0.05,820,14.99,"URXOP4",0.79
"483",0.05,820,14.99,"URXOP6",0.35
"484",0.05,820,14.99,"URXOP1",1
"485",0.05,820,14.99,"URXOP3",0.8
"486",0.05,820,14.99,"URXOP5",0.82
"487",0.05,830,14.62,"URXOP2",1
"488",0.05,830,14.62,"URXOP4",0.79
"489",0.05,830,14.62,"URXOP6",0.32
"490",0.05,830,14.62,"URXOP1",1
"491",0.05,830,14.62,"URXOP3",0.82
"492",0.05,830,14.62,"URXOP5",0.79
"493",0.05,840,14.83,"URXOP2",1
"494",0.05,840,14.83,"URXOP4",0.72
"495",0.05,840,14.83,"URXOP6",0.44
"496",0.05,840,14.83,"URXOP1",1
"497",0.05,840,14.83,"URXOP3",0.84
"498",0.05,840,14.83,"URXOP5",0.83
"499",0.05,850,14.89,"URXOP2",1
"500",0.05,850,14.89,"URXOP4",0.83
"501",0.05,850,14.89,"URXOP6",0.38
"502",0.05,850,14.89,"URXOP1",1
"503",0.05,850,14.89,"URXOP3",0.79
"504",0.05,850,14.89,"URXOP5",0.87
"505",0.05,860,14.87,"URXOP2",1
"506",0.05,860,14.87,"URXOP4",0.82
"507",0.05,860,14.87,"URXOP6",0.35
"508",0.05,860,14.87,"URXOP1",1
"509",0.05,860,14.87,"URXOP3",0.78
"510",0.05,860,14.87,"URXOP5",0.87
"511",0.05,870,14.54,"URXOP2",1
"512",0.05,870,14.54,"URXOP4",0.87
"513",0.05,870,14.54,"URXOP6",0.34
"514",0.05,870,14.54,"URXOP1",1
"515",0.05,870,14.54,"URXOP3",0.84
"516",0.05,870,14.54,"URXOP5",0.79
"517",0.05,880,14.44,"URXOP2",1
"518",0.05,880,14.44,"URXOP4",0.81
"519",0.05,880,14.44,"URXOP6",0.36
"520",0.05,880,14.44,"URXOP1",1
"521",0.05,880,14.44,"URXOP3",0.82
"522",0.05,880,14.44,"URXOP5",0.87
"523",0.05,890,14.71,"URXOP2",1
"524",0.05,890,14.71,"URXOP4",0.82
"525",0.05,890,14.71,"URXOP6",0.31
"526",0.05,890,14.71,"URXOP1",1
"527",0.05,890,14.71,"URXOP3",0.79
"528",0.05,890,14.71,"URXOP5",0.87
"529",0.05,900,14.84,"URXOP2",1
"530",0.05,900,14.84,"URXOP4",0.83
"531",0.05,900,14.84,"URXOP6",0.43
"532",0.05,900,14.84,"URXOP1",1
"533",0.05,900,14.84,"URXOP3",0.76
"534",0.05,900,14.84,"URXOP5",0.82
"535",0.05,910,14.66,"URXOP2",1
"536",0.05,910,14.66,"URXOP4",0.83
"537",0.05,910,14.66,"URXOP6",0.4
"538",0.05,910,14.66,"URXOP1",1
"539",0.05,910,14.66,"URXOP3",0.84
"540",0.05,910,14.66,"URXOP5",0.78
"541",0.05,920,14.8,"URXOP2",1
"542",0.05,920,14.8,"URXOP4",0.85
"543",0.05,920,14.8,"URXOP6",0.3
"544",0.05,920,14.8,"URXOP1",1
"545",0.05,920,14.8,"URXOP3",0.73
"546",0.05,920,14.8,"URXOP5",0.85
"547",0.05,930,14.47,"URXOP2",1
"548",0.05,930,14.47,"URXOP4",0.81
"549",0.05,930,14.47,"URXOP6",0.31
"550",0.05,930,14.47,"URXOP1",1
"551",0.05,930,14.47,"URXOP3",0.81
"552",0.05,930,14.47,"URXOP5",0.8
"553",0.05,940,14.53,"URXOP2",1
"554",0.05,940,14.53,"URXOP4",0.81
"555",0.05,940,14.53,"URXOP6",0.35
"556",0.05,940,14.53,"URXOP1",1
"557",0.05,940,14.53,"URXOP3",0.81
"558",0.05,940,14.53,"URXOP5",0.89
"559",0.05,950,14.68,"URXOP2",1
"560",0.05,950,14.68,"URXOP4",0.84
"561",0.05,950,14.68,"URXOP6",0.45
"562",0.05,950,14.68,"URXOP1",1
"563",0.05,950,14.68,"URXOP3",0.89
"564",0.05,950,14.68,"URXOP5",0.89
"565",0.05,960,15.07,"URXOP2",1
"566",0.05,960,15.07,"URXOP4",0.85
"567",0.05,960,15.07,"URXOP6",0.3
"568",0.05,960,15.07,"URXOP1",1
"569",0.05,960,15.07,"URXOP3",0.8
"570",0.05,960,15.07,"URXOP5",0.86
"571",0.05,970,15.09,"URXOP2",1
"572",0.05,970,15.09,"URXOP4",0.82
"573",0.05,970,15.09,"URXOP6",0.44
"574",0.05,970,15.09,"URXOP1",1
"575",0.05,970,15.09,"URXOP3",0.85
"576",0.05,970,15.09,"URXOP5",0.83
"577",0.05,980,14.75,"URXOP2",1
"578",0.05,980,14.75,"URXOP4",0.75
"579",0.05,980,14.75,"URXOP6",0.43
"580",0.05,980,14.75,"URXOP1",1
"581",0.05,980,14.75,"URXOP3",0.87
"582",0.05,980,14.75,"URXOP5",0.83
"583",0.05,990,14.7,"URXOP2",1
"584",0.05,990,14.7,"URXOP4",0.81
"585",0.05,990,14.7,"URXOP6",0.43
"586",0.05,990,14.7,"URXOP1",1
"587",0.05,990,14.7,"URXOP3",0.86
"588",0.05,990,14.7,"URXOP5",0.83
"589",0.05,1000,14.27,"URXOP2",1
"590",0.05,1000,14.27,"URXOP4",0.82
"591",0.05,1000,14.27,"URXOP6",0.43
"592",0.05,1000,14.27,"URXOP1",1
"593",0.05,1000,14.27,"URXOP3",0.86
"594",0.05,1000,14.27,"URXOP5",0.87
"595",0.05,1010,14.84,"URXOP2",1
"596",0.05,1010,14.84,"URXOP4",0.86
"597",0.05,1010,14.84,"URXOP6",0.36
"598",0.05,1010,14.84,"URXOP1",1
"599",0.05,1010,14.84,"URXOP3",0.88
"600",0.05,1010,14.84,"URXOP5",0.87
"601",0.05,1020,14.71,"URXOP2",1
"602",0.05,1020,14.71,"URXOP4",0.9
"603",0.05,1020,14.71,"URXOP6",0.42
"604",0.05,1020,14.71,"URXOP1",1
"605",0.05,1020,14.71,"URXOP3",0.87
"606",0.05,1020,14.71,"URXOP5",0.76
"607",0.05,1030,14.82,"URXOP2",1
"608",0.05,1030,14.82,"URXOP4",0.8
"609",0.05,1030,14.82,"URXOP6",0.46
"610",0.05,1030,14.82,"URXOP1",1
"611",0.05,1030,14.82,"URXOP3",0.86
"612",0.05,1030,14.82,"URXOP5",0.83
"613",0.05,1040,14.86,"URXOP2",1
"614",0.05,1040,14.86,"URXOP4",0.85
"615",0.05,1040,14.86,"URXOP6",0.46
"616",0.05,1040,14.86,"URXOP1",1
"617",0.05,1040,14.86,"URXOP3",0.83
"618",0.05,1040,14.86,"URXOP5",0.88
"619",0.05,1050,14.79,"URXOP2",1
"620",0.05,1050,14.79,"URXOP4",0.84
"621",0.05,1050,14.79,"URXOP6",0.37
"622",0.05,1050,14.79,"URXOP1",1
"623",0.05,1050,14.79,"URXOP3",0.84
"624",0.05,1050,14.79,"URXOP5",0.87
"625",0.05,1060,14.56,"URXOP2",1
"626",0.05,1060,14.56,"URXOP4",0.77
"627",0.05,1060,14.56,"URXOP6",0.47
"628",0.05,1060,14.56,"URXOP1",1
"629",0.05,1060,14.56,"URXOP3",0.85
"630",0.05,1060,14.56,"URXOP5",0.87
"631",0.05,1070,14.85,"URXOP2",1
"632",0.05,1070,14.85,"URXOP4",0.85
"633",0.05,1070,14.85,"URXOP6",0.43
"634",0.05,1070,14.85,"URXOP1",1
"635",0.05,1070,14.85,"URXOP3",0.9
"636",0.05,1070,14.85,"URXOP5",0.81
"637",0.05,1080,14.9,"URXOP2",1
"638",0.05,1080,14.9,"URXOP4",0.9
"639",0.05,1080,14.9,"URXOP6",0.52
"640",0.05,1080,14.9,"URXOP1",1
"641",0.05,1080,14.9,"URXOP3",0.88
"642",0.05,1080,14.9,"URXOP5",0.85
"643",0.05,1090,14.5,"URXOP2",1
"644",0.05,1090,14.5,"URXOP4",0.86
"645",0.05,1090,14.5,"URXOP6",0.34
"646",0.05,1090,14.5,"URXOP1",1
"647",0.05,1090,14.5,"URXOP3",0.85
"648",0.05,1090,14.5,"URXOP5",0.84
"649",0.05,1100,14.68,"URXOP2",1
"650",0.05,1100,14.68,"URXOP4",0.86
"651",0.05,1100,14.68,"URXOP6",0.43
"652",0.05,1100,14.68,"URXOP1",1
"653",0.05,1100,14.68,"URXOP3",0.87
"654",0.05,1100,14.68,"URXOP5",0.81
"655",0.05,1110,14.88,"URXOP2",1
"656",0.05,1110,14.88,"URXOP4",0.85
"657",0.05,1110,14.88,"URXOP6",0.41
"658",0.05,1110,14.88,"URXOP1",1
"659",0.05,1110,14.88,"URXOP3",0.87
"660",0.05,1110,14.88,"URXOP5",0.93
"661",0.05,1120,14.77,"URXOP2",1
"662",0.05,1120,14.77,"URXOP4",0.86
"663",0.05,1120,14.77,"URXOP6",0.46
"664",0.05,1120,14.77,"URXOP1",1
"665",0.05,1120,14.77,"URXOP3",0.83
"666",0.05,1120,14.77,"URXOP5",0.9
"667",0.05,1130,14.7,"URXOP2",1
"668",0.05,1130,14.7,"URXOP4",0.83
"669",0.05,1130,14.7,"URXOP6",0.34
"670",0.05,1130,14.7,"URXOP1",1
"671",0.05,1130,14.7,"URXOP3",0.9
"672",0.05,1130,14.7,"URXOP5",0.75
"673",0.05,1140,14.87,"URXOP2",1
"674",0.05,1140,14.87,"URXOP4",0.88
"675",0.05,1140,14.87,"URXOP6",0.42
"676",0.05,1140,14.87,"URXOP1",1
"677",0.05,1140,14.87,"URXOP3",0.86
"678",0.05,1140,14.87,"URXOP5",0.81
"679",0.05,1150,14.72,"URXOP2",1
"680",0.05,1150,14.72,"URXOP4",0.81
"681",0.05,1150,14.72,"URXOP6",0.44
"682",0.05,1150,14.72,"URXOP1",1
"683",0.05,1150,14.72,"URXOP3",0.83
"684",0.05,1150,14.72,"URXOP5",0.89
"685",0.05,1160,14.51,"URXOP2",1
"686",0.05,1160,14.51,"URXOP4",0.87
"687",0.05,1160,14.51,"URXOP6",0.5
"688",0.05,1160,14.51,"URXOP1",1
"689",0.05,1160,14.51,"URXOP3",0.95
"690",0.05,1160,14.51,"URXOP5",0.84
"691",0.05,1170,14.8,"URXOP2",1
"692",0.05,1170,14.8,"URXOP4",0.83
"693",0.05,1170,14.8,"URXOP6",0.52
"694",0.05,1170,14.8,"URXOP1",1
"695",0.05,1170,14.8,"URXOP3",0.82
"696",0.05,1170,14.8,"URXOP5",0.84
"697",0.05,1180,14.49,"URXOP2",1
"698",0.05,1180,14.49,"URXOP4",0.89
"699",0.05,1180,14.49,"URXOP6",0.44
"700",0.05,1180,14.49,"URXOP1",1
"701",0.05,1180,14.49,"URXOP3",0.93
"702",0.05,1180,14.49,"URXOP5",0.81
"703",0.05,1190,14.61,"URXOP2",1
"704",0.05,1190,14.61,"URXOP4",0.83
"705",0.05,1190,14.61,"URXOP6",0.4
"706",0.05,1190,14.61,"URXOP1",1
"707",0.05,1190,14.61,"URXOP3",0.89
"708",0.05,1190,14.61,"URXOP5",0.88
"709",0.05,1200,14.69,"URXOP2",1
"710",0.05,1200,14.69,"URXOP4",0.87
"711",0.05,1200,14.69,"URXOP6",0.55
"712",0.05,1200,14.69,"URXOP1",1
"713",0.05,1200,14.69,"URXOP3",0.9
"714",0.05,1200,14.69,"URXOP5",0.9
"715",0.05,1210,14.65,"URXOP2",1
"716",0.05,1210,14.65,"URXOP4",0.88
"717",0.05,1210,14.65,"URXOP6",0.4
"718",0.05,1210,14.65,"URXOP1",1
"719",0.05,1210,14.65,"URXOP3",0.87
"720",0.05,1210,14.65,"URXOP5",0.88
"721",0.05,1220,14.87,"URXOP2",1
"722",0.05,1220,14.87,"URXOP4",0.89
"723",0.05,1220,14.87,"URXOP6",0.41
"724",0.05,1220,14.87,"URXOP1",1
"725",0.05,1220,14.87,"URXOP3",0.9
"726",0.05,1220,14.87,"URXOP5",0.85
"727",0.05,1230,15.07,"URXOP2",1
"728",0.05,1230,15.07,"URXOP4",0.85
"729",0.05,1230,15.07,"URXOP6",0.51
"730",0.05,1230,15.07,"URXOP1",1
"731",0.05,1230,15.07,"URXOP3",0.91
"732",0.05,1230,15.07,"URXOP5",0.88
"733",0.05,1240,14.17,"URXOP2",1
"734",0.05,1240,14.17,"URXOP4",0.81
"735",0.05,1240,14.17,"URXOP6",0.5
"736",0.05,1240,14.17,"URXOP1",1
"737",0.05,1240,14.17,"URXOP3",0.88
"738",0.05,1240,14.17,"URXOP5",0.91
"739",0.05,1250,14.78,"URXOP2",1
"740",0.05,1250,14.78,"URXOP4",0.94
"741",0.05,1250,14.78,"URXOP6",0.45
"742",0.05,1250,14.78,"URXOP1",1
"743",0.05,1250,14.78,"URXOP3",0.81
"744",0.05,1250,14.78,"URXOP5",0.87
"745",0.05,1260,14.63,"URXOP2",1
"746",0.05,1260,14.63,"URXOP4",0.95
"747",0.05,1260,14.63,"URXOP6",0.45
"748",0.05,1260,14.63,"URXOP1",1
"749",0.05,1260,14.63,"URXOP3",0.89
"750",0.05,1260,14.63,"URXOP5",0.84
"751",0.05,1270,14.69,"URXOP2",1
"752",0.05,1270,14.69,"URXOP4",0.87
"753",0.05,1270,14.69,"URXOP6",0.54
"754",0.05,1270,14.69,"URXOP1",1
"755",0.05,1270,14.69,"URXOP3",0.91
"756",0.05,1270,14.69,"URXOP5",0.87
"757",0.05,1280,14.92,"URXOP2",1
"758",0.05,1280,14.92,"URXOP4",0.89
"759",0.05,1280,14.92,"URXOP6",0.53
"760",0.05,1280,14.92,"URXOP1",1
"761",0.05,1280,14.92,"URXOP3",0.89
"762",0.05,1280,14.92,"URXOP5",0.89
"763",0.05,1290,14.71,"URXOP2",1
"764",0.05,1290,14.71,"URXOP4",0.93
"765",0.05,1290,14.71,"URXOP6",0.47
"766",0.05,1290,14.71,"URXOP1",1
"767",0.05,1290,14.71,"URXOP3",0.9
"768",0.05,1290,14.71,"URXOP5",0.87
"769",0.05,1300,15.21,"URXOP2",1
"770",0.05,1300,15.21,"URXOP4",0.92
"771",0.05,1300,15.21,"URXOP6",0.51
"772",0.05,1300,15.21,"URXOP1",1
"773",0.05,1300,15.21,"URXOP3",0.88
"774",0.05,1300,15.21,"URXOP5",0.79
"775",0.05,1310,14.7,"URXOP2",1
"776",0.05,1310,14.7,"URXOP4",0.86
"777",0.05,1310,14.7,"URXOP6",0.47
"778",0.05,1310,14.7,"URXOP1",1
"779",0.05,1310,14.7,"URXOP3",0.93
"780",0.05,1310,14.7,"URXOP5",0.88
"781",0.05,1320,14.43,"URXOP2",1
"782",0.05,1320,14.43,"URXOP4",0.84
"783",0.05,1320,14.43,"URXOP6",0.42
"784",0.05,1320,14.43,"URXOP1",1
"785",0.05,1320,14.43,"URXOP3",0.93
"786",0.05,1320,14.43,"URXOP5",0.84
"787",0.05,1330,14.71,"URXOP2",1
"788",0.05,1330,14.71,"URXOP4",0.88
"789",0.05,1330,14.71,"URXOP6",0.51
"790",0.05,1330,14.71,"URXOP1",1
"791",0.05,1330,14.71,"URXOP3",0.91
"792",0.05,1330,14.71,"URXOP5",0.83
"793",0.05,1340,14.67,"URXOP2",1
"794",0.05,1340,14.67,"URXOP4",0.86
"795",0.05,1340,14.67,"URXOP6",0.44
"796",0.05,1340,14.67,"URXOP1",1
"797",0.05,1340,14.67,"URXOP3",0.97
"798",0.05,1340,14.67,"URXOP5",0.81
"799",0.05,1350,14.59,"URXOP2",1
"800",0.05,1350,14.59,"URXOP4",0.91
"801",0.05,1350,14.59,"URXOP6",0.54
"802",0.05,1350,14.59,"URXOP1",1
"803",0.05,1350,14.59,"URXOP3",0.9
"804",0.05,1350,14.59,"URXOP5",0.86
"805",0.05,1360,14.75,"URXOP2",1
"806",0.05,1360,14.75,"URXOP4",0.84
"807",0.05,1360,14.75,"URXOP6",0.53
"808",0.05,1360,14.75,"URXOP1",1
"809",0.05,1360,14.75,"URXOP3",0.88
"810",0.05,1360,14.75,"URXOP5",0.87
"811",0.05,1370,14.48,"URXOP2",1
"812",0.05,1370,14.48,"URXOP4",0.9
"813",0.05,1370,14.48,"URXOP6",0.54
"814",0.05,1370,14.48,"URXOP1",1
"815",0.05,1370,14.48,"URXOP3",0.94
"816",0.05,1370,14.48,"URXOP5",0.9
"817",0.05,1380,14.81,"URXOP2",1
"818",0.05,1380,14.81,"URXOP4",0.91
"819",0.05,1380,14.81,"URXOP6",0.48
"820",0.05,1380,14.81,"URXOP1",1
"821",0.05,1380,14.81,"URXOP3",0.87
"822",0.05,1380,14.81,"URXOP5",0.86
"823",0.05,1390,15.07,"URXOP2",1
"824",0.05,1390,15.07,"URXOP4",0.85
"825",0.05,1390,15.07,"URXOP6",0.49
"826",0.05,1390,15.07,"URXOP1",1
"827",0.05,1390,15.07,"URXOP3",0.88
"828",0.05,1390,15.07,"URXOP5",0.85
"829",0.05,1400,14.66,"URXOP2",1
"830",0.05,1400,14.66,"URXOP4",0.89
"831",0.05,1400,14.66,"URXOP6",0.53
"832",0.05,1400,14.66,"URXOP1",1
"833",0.05,1400,14.66,"URXOP3",0.92
"834",0.05,1400,14.66,"URXOP5",0.79
"835",0.05,1410,14.4,"URXOP2",1
"836",0.05,1410,14.4,"URXOP4",0.89
"837",0.05,1410,14.4,"URXOP6",0.55
"838",0.05,1410,14.4,"URXOP1",1
"839",0.05,1410,14.4,"URXOP3",0.88
"840",0.05,1410,14.4,"URXOP5",0.89
"841",0.05,1420,14.72,"URXOP2",1
"842",0.05,1420,14.72,"URXOP4",0.93
"843",0.05,1420,14.72,"URXOP6",0.6
"844",0.05,1420,14.72,"URXOP1",1
"845",0.05,1420,14.72,"URXOP3",0.92
"846",0.05,1420,14.72,"URXOP5",0.91
"847",0.05,1430,14.9,"URXOP2",1
"848",0.05,1430,14.9,"URXOP4",0.9
"849",0.05,1430,14.9,"URXOP6",0.53
"850",0.05,1430,14.9,"URXOP1",1
"851",0.05,1430,14.9,"URXOP3",0.93
"852",0.05,1430,14.9,"URXOP5",0.93
"853",0.05,1440,14.8,"URXOP2",1
"854",0.05,1440,14.8,"URXOP4",0.92
"855",0.05,1440,14.8,"URXOP6",0.54
"856",0.05,1440,14.8,"URXOP1",1
"857",0.05,1440,14.8,"URXOP3",0.94
"858",0.05,1440,14.8,"URXOP5",0.82
"859",0.05,1450,14.87,"URXOP2",1
"860",0.05,1450,14.87,"URXOP4",0.91
"861",0.05,1450,14.87,"URXOP6",0.49
"862",0.05,1450,14.87,"URXOP1",1
"863",0.05,1450,14.87,"URXOP3",0.96
"864",0.05,1450,14.87,"URXOP5",0.84
"865",0.05,1460,14.56,"URXOP2",1
"866",0.05,1460,14.56,"URXOP4",0.86
"867",0.05,1460,14.56,"URXOP6",0.49
"868",0.05,1460,14.56,"URXOP1",1
"869",0.05,1460,14.56,"URXOP3",0.94
"870",0.05,1460,14.56,"URXOP5",0.89
"871",0.05,1470,14.82,"URXOP2",1
"872",0.05,1470,14.82,"URXOP4",0.86
"873",0.05,1470,14.82,"URXOP6",0.5
"874",0.05,1470,14.82,"URXOP1",1
"875",0.05,1470,14.82,"URXOP3",0.92
"876",0.05,1470,14.82,"URXOP5",0.89
"877",0.05,1480,14.79,"URXOP2",1
"878",0.05,1480,14.79,"URXOP4",0.89
"879",0.05,1480,14.79,"URXOP6",0.56
"880",0.05,1480,14.79,"URXOP1",1
"881",0.05,1480,14.79,"URXOP3",0.93
"882",0.05,1480,14.79,"URXOP5",0.86
"883",0.05,1490,14.86,"URXOP2",1
"884",0.05,1490,14.86,"URXOP4",0.91
"885",0.05,1490,14.86,"URXOP6",0.57
"886",0.05,1490,14.86,"URXOP1",1
"887",0.05,1490,14.86,"URXOP3",0.96
"888",0.05,1490,14.86,"URXOP5",0.9
"889",0.05,1500,14.73,"URXOP2",1
"890",0.05,1500,14.73,"URXOP4",0.9
"891",0.05,1500,14.73,"URXOP6",0.47
"892",0.05,1500,14.73,"URXOP1",1
"893",0.05,1500,14.73,"URXOP3",0.93
"894",0.05,1500,14.73,"URXOP5",0.88
"895",0.05,1510,14.86,"URXOP2",1
"896",0.05,1510,14.86,"URXOP4",0.9
"897",0.05,1510,14.86,"URXOP6",0.53
"898",0.05,1510,14.86,"URXOP1",1
"899",0.05,1510,14.86,"URXOP3",0.96
"900",0.05,1510,14.86,"URXOP5",0.83
"901",0.05,1520,14.77,"URXOP2",1
"902",0.05,1520,14.77,"URXOP4",0.89
"903",0.05,1520,14.77,"URXOP6",0.58
"904",0.05,1520,14.77,"URXOP1",1
"905",0.05,1520,14.77,"URXOP3",0.96
"906",0.05,1520,14.77,"URXOP5",0.86
"907",0.05,1530,14.82,"URXOP2",1
"908",0.05,1530,14.82,"URXOP4",0.91
"909",0.05,1530,14.82,"URXOP6",0.45
"910",0.05,1530,14.82,"URXOP1",1
"911",0.05,1530,14.82,"URXOP3",0.89
"912",0.05,1530,14.82,"URXOP5",0.88
"913",0.05,1540,14.7,"URXOP2",1
"914",0.05,1540,14.7,"URXOP4",0.86
"915",0.05,1540,14.7,"URXOP6",0.56
"916",0.05,1540,14.7,"URXOP1",1
"917",0.05,1540,14.7,"URXOP3",0.96
"918",0.05,1540,14.7,"URXOP5",0.84
"919",0.05,1550,14.86,"URXOP2",1
"920",0.05,1550,14.86,"URXOP4",0.93
"921",0.05,1550,14.86,"URXOP6",0.52
"922",0.05,1550,14.86,"URXOP1",1
"923",0.05,1550,14.86,"URXOP3",0.94
"924",0.05,1550,14.86,"URXOP5",0.91
"925",0.05,1560,14.72,"URXOP2",1
"926",0.05,1560,14.72,"URXOP4",0.89
"927",0.05,1560,14.72,"URXOP6",0.64
"928",0.05,1560,14.72,"URXOP1",1
"929",0.05,1560,14.72,"URXOP3",0.95
"930",0.05,1560,14.72,"URXOP5",0.89
"931",0.05,1570,14.73,"URXOP2",1
"932",0.05,1570,14.73,"URXOP4",0.88
"933",0.05,1570,14.73,"URXOP6",0.47
"934",0.05,1570,14.73,"URXOP1",1
"935",0.05,1570,14.73,"URXOP3",0.92
"936",0.05,1570,14.73,"URXOP5",0.91
"937",0.05,1580,14.3,"URXOP2",1
"938",0.05,1580,14.3,"URXOP4",0.89
"939",0.05,1580,14.3,"URXOP6",0.63
"940",0.05,1580,14.3,"URXOP1",1
"941",0.05,1580,14.3,"URXOP3",0.94
"942",0.05,1580,14.3,"URXOP5",0.87
"943",0.05,1590,14.71,"URXOP2",1
"944",0.05,1590,14.71,"URXOP4",0.92
"945",0.05,1590,14.71,"URXOP6",0.59
"946",0.05,1590,14.71,"URXOP1",1
"947",0.05,1590,14.71,"URXOP3",0.91
"948",0.05,1590,14.71,"URXOP5",0.89
"949",0.05,1600,14.59,"URXOP2",1
"950",0.05,1600,14.59,"URXOP4",0.9
"951",0.05,1600,14.59,"URXOP6",0.58
"952",0.05,1600,14.59,"URXOP1",1
"953",0.05,1600,14.59,"URXOP3",0.98
"954",0.05,1600,14.59,"URXOP5",0.89
"955",0.05,1610,14.86,"URXOP2",1
"956",0.05,1610,14.86,"URXOP4",0.9
"957",0.05,1610,14.86,"URXOP6",0.5
"958",0.05,1610,14.86,"URXOP1",1
"959",0.05,1610,14.86,"URXOP3",0.95
"960",0.05,1610,14.86,"URXOP5",0.83
"961",0.05,1620,14.74,"URXOP2",1
"962",0.05,1620,14.74,"URXOP4",0.94
"963",0.05,1620,14.74,"URXOP6",0.48
"964",0.05,1620,14.74,"URXOP1",1
"965",0.05,1620,14.74,"URXOP3",0.95
"966",0.05,1620,14.74,"URXOP5",0.88
"967",0.05,1630,14.98,"URXOP2",1
"968",0.05,1630,14.98,"URXOP4",0.88
"969",0.05,1630,14.98,"URXOP6",0.55
"970",0.05,1630,14.98,"URXOP1",1
"971",0.05,1630,14.98,"URXOP3",0.95
"972",0.05,1630,14.98,"URXOP5",0.94
"973",0.05,1640,14.58,"URXOP2",1
"974",0.05,1640,14.58,"URXOP4",0.96
"975",0.05,1640,14.58,"URXOP6",0.54
"976",0.05,1640,14.58,"URXOP1",1
"977",0.05,1640,14.58,"URXOP3",0.92
"978",0.05,1640,14.58,"URXOP5",0.88
"979",0.05,1650,14.64,"URXOP2",1
"980",0.05,1650,14.64,"URXOP4",0.88
"981",0.05,1650,14.64,"URXOP6",0.57
"982",0.05,1650,14.64,"URXOP1",1
"983",0.05,1650,14.64,"URXOP3",0.96
"984",0.05,1650,14.64,"URXOP5",0.88
"985",0.05,1660,14.8,"URXOP2",1
"986",0.05,1660,14.8,"URXOP4",0.92
"987",0.05,1660,14.8,"URXOP6",0.69
"988",0.05,1660,14.8,"URXOP1",1
"989",0.05,1660,14.8,"URXOP3",0.93
"990",0.05,1660,14.8,"URXOP5",0.87
"991",0.05,1670,14.76,"URXOP2",1
"992",0.05,1670,14.76,"URXOP4",0.9
"993",0.05,1670,14.76,"URXOP6",0.58
"994",0.05,1670,14.76,"URXOP1",1
"995",0.05,1670,14.76,"URXOP3",0.98
"996",0.05,1670,14.76,"URXOP5",0.9
"997",0.05,1680,14.69,"URXOP2",1
"998",0.05,1680,14.69,"URXOP4",0.97
"999",0.05,1680,14.69,"URXOP6",0.58
"1000",0.05,1680,14.69,"URXOP1",1
"1001",0.05,1680,14.69,"URXOP3",0.95
"1002",0.05,1680,14.69,"URXOP5",0.87
"1003",0.05,1690,14.57,"URXOP2",1
"1004",0.05,1690,14.57,"URXOP4",0.92
"1005",0.05,1690,14.57,"URXOP6",0.54
"1006",0.05,1690,14.57,"URXOP1",1
"1007",0.05,1690,14.57,"URXOP3",0.99
"1008",0.05,1690,14.57,"URXOP5",0.97
"1009",0.05,1700,14.77,"URXOP2",1
"1010",0.05,1700,14.77,"URXOP4",0.94
"1011",0.05,1700,14.77,"URXOP6",0.57
"1012",0.05,1700,14.77,"URXOP1",1
"1013",0.05,1700,14.77,"URXOP3",0.94
"1014",0.05,1700,14.77,"URXOP5",0.84
"1015",0.05,1710,14.96,"URXOP2",1
"1016",0.05,1710,14.96,"URXOP4",0.93
"1017",0.05,1710,14.96,"URXOP6",0.6
"1018",0.05,1710,14.96,"URXOP1",1
"1019",0.05,1710,14.96,"URXOP3",0.95
"1020",0.05,1710,14.96,"URXOP5",0.91
"1021",0.05,1720,14.72,"URXOP2",1
"1022",0.05,1720,14.72,"URXOP4",0.92
"1023",0.05,1720,14.72,"URXOP6",0.52
"1024",0.05,1720,14.72,"URXOP1",1
"1025",0.05,1720,14.72,"URXOP3",0.93
"1026",0.05,1720,14.72,"URXOP5",0.89
"1027",0.05,1730,14.88,"URXOP2",1
"1028",0.05,1730,14.88,"URXOP4",0.88
"1029",0.05,1730,14.88,"URXOP6",0.62
"1030",0.05,1730,14.88,"URXOP1",1
"1031",0.05,1730,14.88,"URXOP3",0.95
"1032",0.05,1730,14.88,"URXOP5",0.89
"1033",0.05,1740,14.51,"URXOP2",1
"1034",0.05,1740,14.51,"URXOP4",0.93
"1035",0.05,1740,14.51,"URXOP6",0.57
"1036",0.05,1740,14.51,"URXOP1",1
"1037",0.05,1740,14.51,"URXOP3",0.91
"1038",0.05,1740,14.51,"URXOP5",0.89
"1039",0.05,1750,14.54,"URXOP2",1
"1040",0.05,1750,14.54,"URXOP4",0.96
"1041",0.05,1750,14.54,"URXOP6",0.58
"1042",0.05,1750,14.54,"URXOP1",1
"1043",0.05,1750,14.54,"URXOP3",0.92
"1044",0.05,1750,14.54,"URXOP5",0.87
"1045",0.05,1760,14.52,"URXOP2",1
"1046",0.05,1760,14.52,"URXOP4",0.95
"1047",0.05,1760,14.52,"URXOP6",0.58
"1048",0.05,1760,14.52,"URXOP1",1
"1049",0.05,1760,14.52,"URXOP3",0.94
"1050",0.05,1760,14.52,"URXOP5",0.93
"1051",0.05,1770,14.8,"URXOP2",1
"1052",0.05,1770,14.8,"URXOP4",0.93
"1053",0.05,1770,14.8,"URXOP6",0.62
"1054",0.05,1770,14.8,"URXOP1",1
"1055",0.05,1770,14.8,"URXOP3",0.97
"1056",0.05,1770,14.8,"URXOP5",0.86
"1057",0.05,1780,14.74,"URXOP2",1
"1058",0.05,1780,14.74,"URXOP4",0.94
"1059",0.05,1780,14.74,"URXOP6",0.53
"1060",0.05,1780,14.74,"URXOP1",1
"1061",0.05,1780,14.74,"URXOP3",0.96
"1062",0.05,1780,14.74,"URXOP5",0.92
"1063",0.05,1790,14.71,"URXOP2",1
"1064",0.05,1790,14.71,"URXOP4",0.93
"1065",0.05,1790,14.71,"URXOP6",0.6
"1066",0.05,1790,14.71,"URXOP1",1
"1067",0.05,1790,14.71,"URXOP3",0.98
"1068",0.05,1790,14.71,"URXOP5",0.91
"1069",0.05,1800,14.79,"URXOP2",1
"1070",0.05,1800,14.79,"URXOP4",0.91
"1071",0.05,1800,14.79,"URXOP6",0.63
"1072",0.05,1800,14.79,"URXOP1",1
"1073",0.05,1800,14.79,"URXOP3",0.97
"1074",0.05,1800,14.79,"URXOP5",0.91
"1075",0.05,1810,14.89,"URXOP2",1
"1076",0.05,1810,14.89,"URXOP4",0.97
"1077",0.05,1810,14.89,"URXOP6",0.55
"1078",0.05,1810,14.89,"URXOP1",1
"1079",0.05,1810,14.89,"URXOP3",0.97
"1080",0.05,1810,14.89,"URXOP5",0.92
"1081",0.05,1820,14.95,"URXOP2",1
"1082",0.05,1820,14.95,"URXOP4",0.93
"1083",0.05,1820,14.95,"URXOP6",0.59
"1084",0.05,1820,14.95,"URXOP1",1
"1085",0.05,1820,14.95,"URXOP3",0.94
"1086",0.05,1820,14.95,"URXOP5",0.93
"1087",0.05,1830,14.86,"URXOP2",1
"1088",0.05,1830,14.86,"URXOP4",0.92
"1089",0.05,1830,14.86,"URXOP6",0.57
"1090",0.05,1830,14.86,"URXOP1",1
"1091",0.05,1830,14.86,"URXOP3",0.96
"1092",0.05,1830,14.86,"URXOP5",0.95
"1093",0.05,1840,14.89,"URXOP2",1
"1094",0.05,1840,14.89,"URXOP4",0.96
"1095",0.05,1840,14.89,"URXOP6",0.6
"1096",0.05,1840,14.89,"URXOP1",1
"1097",0.05,1840,14.89,"URXOP3",0.98
"1098",0.05,1840,14.89,"URXOP5",0.91
"1099",0.05,1850,14.49,"URXOP2",1
"1100",0.05,1850,14.49,"URXOP4",0.89
"1101",0.05,1850,14.49,"URXOP6",0.65
"1102",0.05,1850,14.49,"URXOP1",1
"1103",0.05,1850,14.49,"URXOP3",0.97
"1104",0.05,1850,14.49,"URXOP5",0.9
"1105",0.05,1860,14.89,"URXOP2",1
"1106",0.05,1860,14.89,"URXOP4",0.95
"1107",0.05,1860,14.89,"URXOP6",0.57
"1108",0.05,1860,14.89,"URXOP1",1
"1109",0.05,1860,14.89,"URXOP3",0.94
"1110",0.05,1860,14.89,"URXOP5",0.89
"1111",0.05,1870,15.09,"URXOP2",1
"1112",0.05,1870,15.09,"URXOP4",0.91
"1113",0.05,1870,15.09,"URXOP6",0.62
"1114",0.05,1870,15.09,"URXOP1",1
"1115",0.05,1870,15.09,"URXOP3",0.96
"1116",0.05,1870,15.09,"URXOP5",0.85
"1117",0.05,1880,14.64,"URXOP2",1
"1118",0.05,1880,14.64,"URXOP4",0.94
"1119",0.05,1880,14.64,"URXOP6",0.63
"1120",0.05,1880,14.64,"URXOP1",1
"1121",0.05,1880,14.64,"URXOP3",1
"1122",0.05,1880,14.64,"URXOP5",0.93
"1123",0.05,1890,14.74,"URXOP2",1
"1124",0.05,1890,14.74,"URXOP4",0.91
"1125",0.05,1890,14.74,"URXOP6",0.62
"1126",0.05,1890,14.74,"URXOP1",1
"1127",0.05,1890,14.74,"URXOP3",0.96
"1128",0.05,1890,14.74,"URXOP5",0.87
"1129",0.05,1900,14.51,"URXOP2",1
"1130",0.05,1900,14.51,"URXOP4",0.95
"1131",0.05,1900,14.51,"URXOP6",0.64
"1132",0.05,1900,14.51,"URXOP1",1
"1133",0.05,1900,14.51,"URXOP3",0.94
"1134",0.05,1900,14.51,"URXOP5",0.95
"1135",0.05,1910,14.73,"URXOP2",1
"1136",0.05,1910,14.73,"URXOP4",0.96
"1137",0.05,1910,14.73,"URXOP6",0.63
"1138",0.05,1910,14.73,"URXOP1",1
"1139",0.05,1910,14.73,"URXOP3",0.96
"1140",0.05,1910,14.73,"URXOP5",0.91
"1141",0.05,1920,14.46,"URXOP2",1
"1142",0.05,1920,14.46,"URXOP4",0.92
"1143",0.05,1920,14.46,"URXOP6",0.67
"1144",0.05,1920,14.46,"URXOP1",1
"1145",0.05,1920,14.46,"URXOP3",0.99
"1146",0.05,1920,14.46,"URXOP5",0.89
"1147",0.05,1930,14.67,"URXOP2",1
"1148",0.05,1930,14.67,"URXOP4",0.9
"1149",0.05,1930,14.67,"URXOP6",0.63
"1150",0.05,1930,14.67,"URXOP1",1
"1151",0.05,1930,14.67,"URXOP3",0.95
"1152",0.05,1930,14.67,"URXOP5",0.89
"1153",0.05,1940,14.93,"URXOP2",1
"1154",0.05,1940,14.93,"URXOP4",0.93
"1155",0.05,1940,14.93,"URXOP6",0.71
"1156",0.05,1940,14.93,"URXOP1",1
"1157",0.05,1940,14.93,"URXOP3",0.98
"1158",0.05,1940,14.93,"URXOP5",0.96
"1159",0.05,1950,14.75,"URXOP2",1
"1160",0.05,1950,14.75,"URXOP4",0.92
"1161",0.05,1950,14.75,"URXOP6",0.71
"1162",0.05,1950,14.75,"URXOP1",1
"1163",0.05,1950,14.75,"URXOP3",0.99
"1164",0.05,1950,14.75,"URXOP5",0.95
"1165",0.05,1960,14.88,"URXOP2",1
"1166",0.05,1960,14.88,"URXOP4",0.89
"1167",0.05,1960,14.88,"URXOP6",0.6
"1168",0.05,1960,14.88,"URXOP1",1
"1169",0.05,1960,14.88,"URXOP3",0.96
"1170",0.05,1960,14.88,"URXOP5",0.89
"1171",0.05,1970,14.61,"URXOP2",1
"1172",0.05,1970,14.61,"URXOP4",0.97
"1173",0.05,1970,14.61,"URXOP6",0.73
"1174",0.05,1970,14.61,"URXOP1",1
"1175",0.05,1970,14.61,"URXOP3",0.99
"1176",0.05,1970,14.61,"URXOP5",0.86
"1177",0.05,1980,14.54,"URXOP2",1
"1178",0.05,1980,14.54,"URXOP4",0.96
"1179",0.05,1980,14.54,"URXOP6",0.58
"1180",0.05,1980,14.54,"URXOP1",1
"1181",0.05,1980,14.54,"URXOP3",0.98
"1182",0.05,1980,14.54,"URXOP5",0.86
"1183",0.05,1990,15.2,"URXOP2",1
"1184",0.05,1990,15.2,"URXOP4",0.91
"1185",0.05,1990,15.2,"URXOP6",0.61
"1186",0.05,1990,15.2,"URXOP1",1
"1187",0.05,1990,15.2,"URXOP3",0.97
"1188",0.05,1990,15.2,"URXOP5",0.94
"1189",0.05,2000,14.65,"URXOP2",1
"1190",0.05,2000,14.65,"URXOP4",0.95
"1191",0.05,2000,14.65,"URXOP6",0.62
"1192",0.05,2000,14.65,"URXOP1",1
"1193",0.05,2000,14.65,"URXOP3",0.98
"1194",0.05,2000,14.65,"URXOP5",0.87
